month,rice-special,rice-well-milled,garlic-native,onion-red,cala-regular
2021-01,51.00,42.50,130.00,87.50,
2021-02,51.00,42.50,155.00,100.00,
2021-03,50.50,42.00,130.00,95.00,
2021-04,50.50,42.00,150.00,80.00,
2021-05,49.50,42.00,150.00,85.00,
2021-06,49.50,42.00,207.50,90.00,
2021-07,49.50,42.00,165.00,100.00,
2021-08,49.50,42.00,150.00,100.00,
2021-09,49.50,42.00,159.09,120.00,
2021-10,49.50,42.00,136.36,125.00,
2021-11,49.50,42.00,159.09,120.00,
2021-12,49.50,42.00,122.73,135.00,
2022-01,49.50,42.00,175.00,135.00,
2022-02,49.00,39.00,165.00,180.00,
2022-03,49.00,39.00,125.00,75.00,
2022-04,47.50,39.00,175.00,65.00,
2022-05,43.55,39.00,185.00,70.00,
2022-06,50.00,39.00,125.00,72.50,
2022-07,46.50,39.00,140.00,82.50,
2022-08,46.50,39.00,145.00,80.00,
2022-09,49.50,38.50,160.00,140.00,
2022-10,49.50,38.00,175.00,165.00,
2022-11,49.00,38.00,190.00,192.00,
2022-12,49.50,38.00,192.50,285.00,80.00
2023-01,49.50,38.00,190.00,375.00,77.50
2023-02,49.50,38.00,200.00,250.00,45.00
2023-03,49.50,38.50,165.00,90.00,100.00
2023-04,49.50,38.50,165.00,110.00,90.00
2023-05,51.00,39.00,190.00,155.00,107.50
2023-06,50.00,39.00,220.00,155.00,100.00
2023-07,51.00,40.50,210.00,160.00,72.50
2023-08,52.00,54.00,210.00,145.00,40.00
2023-09,53.50,49.04,210.00,150.00,37.50
2023-10,54.13,57.21,210.00,130.00,42.50
2023-11,55.25,45.75,230.00,110.00,35.00
2023-12,59.17,54.00,230.00,125.00,45.00
2024-01,60.00,54.25,245.00,110.00,42.50
2024-02,59.17,54.25,245.00,100.00,65.00
2024-03,59.17,53.00,245.00,80.00,60.00
2024-04,58.75,53.75,245.00,75.00,45.00
2024-05,59.17,54.00,245.00,85.00,65.00
2024-06,59.17,53.34,270.00,90.00,70.00
2024-07,58.50,51.34,270.00,90.00,110.00
2024-08,58.50,51.34,295.00,95.00,67.50
2024-09,58.63,52.00,270.00,85.00,52.50
2024-10,57.25,50.00,295.00,85.00,27.50
2024-11,57.50,48.88,295.00,85.00,32.50
2024-12,57.38,48.63,300.00,105.00,32.50
2025-01,57.88,48.13,,,45.00
2025-02,56.00,49.25,300.00,145.00,95.00
2025-03,55.00,48.13,300.00,105.00,90.00
2025-04,54.13,46.13,300.00,85.00,90.00
2025-05,54.13,44.63,300.00,120.00,75.00
2025-06,53.38,45.63,300.00,130.00,70.00
2025-07,51.38,42.63,300.00,135.00,55.00
2025-08,50.30,40.88,300.00,140.00,45.00
2025-09,51.38,40.80,300.00,145.00,37.50
2025-10,51.38,40.40,300.00,150.00,40.00
2025-11,52.25,41.80,300.00,165.00,100.00
2025-12,53.75,44.10,295.00,210.00,70.00
2026-01,55.20,44.40,295.00,170.00,150.00
2026-02,59.88,58.68,350.00,115.00,100.00
2026-03,61.13,52.70,350.00,85.00,90.00
2026-04,62.00,54.28,350.00,70.00,95.00
2026-05,60.29,50.37,350.00,65.00,95.00
2026-06,59.27,48.30,350.00,85.00,80.00
2026-07,58.92,48.67,350.00,80.00,60.00
2026-08,59.10,48.90,350.00,90.00,65.00
2026-09,57.20,47.00,350.00,92.50,55.00
